Threshold,Benign_ALLOW,Benign_MITIGATE,Benign_BLOCK_FP,Adv_ALLOW_FN,Adv_MITIGATE,Adv_BLOCK,Accuracy,Precision,Recall,F1
0.6,6,136,3,0,160,196,0.9940119760479041,0.9916434540389972,1.0,0.9958041958041958
0.62,6,138,1,0,206,150,0.998003992015968,0.9971988795518207,1.0,0.9985974754558204
0.65,6,139,0,0,277,79,1.0,1.0,1.0,1.0
0.68,6,139,0,0,302,54,1.0,1.0,1.0,1.0
