Threshold,Benign BLOCK,Adv ALLOW,Accuracy,Precision,Recall,F1
0.6,3,0,0.7225548902195609,0.7191919191919192,1.0,0.8366627497062279
0.62,1,0,0.7225548902195609,0.7191919191919192,1.0,0.8366627497062279
0.65,0,0,0.7225548902195609,0.7191919191919192,1.0,0.8366627497062279
0.68,0,0,0.7225548902195609,0.7191919191919192,1.0,0.8366627497062279
