Threshold,Benign BLOCK,Adv ALLOW,Accuracy,Precision,Recall,F1
0.6,0,0,0.9428571428571428,0.9259259259259259,1.0,0.9615384615384615
0.62,0,0,0.9428571428571428,0.9259259259259259,1.0,0.9615384615384615
0.65,0,0,0.9428571428571428,0.9259259259259259,1.0,0.9615384615384615
0.68,0,0,0.9428571428571428,0.9259259259259259,1.0,0.9615384615384615
