Threshold,Benign_ALLOW,Benign_MITIGATE,Benign_BLOCK_FP,Adv_ALLOW_FN,Adv_MITIGATE,Adv_BLOCK,Accuracy,Precision,Recall,F1
0.6,19,1,0,3,27,20,0.9571428571428572,1.0,0.94,0.9690721649484536
0.62,19,1,0,3,34,13,0.9571428571428572,1.0,0.94,0.9690721649484536
0.65,19,1,0,3,42,5,0.9571428571428572,1.0,0.94,0.9690721649484536
0.68,19,1,0,3,45,2,0.9571428571428572,1.0,0.94,0.9690721649484536
